Details about  Men's Watch Relojes De Hombre Stainless Steel Quartz Luminous Classic Watches,19.89,641,,winterfell_gifts,4542,99.4,"A brand-new, unused, and unworn item (including handmade items) in the original packaging (such as ",Fngeen,,44 viewed per hour
Details about  SMAEL Men's Military Sport Wrist Watch Quartz Dual Movement with Analog Digital,13.17,"8,608",,accbetter,92335,99.7,"A brand-new, unused, and unworn item (including handmade items) in the original packaging (such as ",SMAEL,,310 viewed per day
Details about  Men's Waterproof Dress Sport Date Analog Quartz Wrist Watch Business Watches B-1,13.64,"2,629",,umissmall,17589,99.5,"A brand-new, unused, and unworn item (including handmade items) in the original packaging (such as ",BELUSHI,,24 viewed per hour
Details about  Invicta Mens PRO DIVER SCUBA Chronograph 18Kt Gold Silver Dial White Strap Watch,109.99,132,42 product ratings,incredideals088,5206,100,"A brand-new, unused, and unworn item (including handmade items) in the original packaging (such as ",Invicta,,39 viewed per hour
Details about  Invicta Men's Watch Pro Diver Quartz Blue Dial Two Tone Bracelet 26972,49.95,289,42 product ratings,timepiece-trading,18316,99.6,"A brand-new, unused, and unworn item (including handmade items) in the original packaging (such as ",Invicta,,74 viewed per hour
Details about  Bulova Women's Quartz Swarovski Crystal Accents Rose Gold  34mm Watch 98L243,59.99,435,3 product ratings,watcheshalfprice,66154,99.7,,Bulova,,7 viewed per hour
Details about  NEW Invicta Men's Pro Diver Scuba Chronograph Stainless Steel Black Dial Watch!!,79.99,4,197 product ratings,amazedaze,17960,100,"A brand-new, unused, and unworn item (including handmade items) in the original packaging (such as ",Invicta,,39 viewed per hour
Details about  Invicta Mens PRO DIVER SCUBA Chronograph Blue Dial 18K Gold Bracelet Watch 0073,94.99,367,186 product ratings,incredideals088,5206,100,"A brand-new, unused, and unworn item (including handmade items) in the original packaging (such as ",Invicta,,15 viewed per hour
Details about  Invicta 15252 Women's Pro Diver Gold Dial Crystal Accented Watch,67.99,350,69 product ratings,mygiftstop,99157,99.3,"A brand-new, unused, and unworn item (including handmade items) in the original packaging (such as ",Invicta,,16 viewed per hour
Details about  Invicta Pro Diver Black Dial Mens Gold Stainless Steel Watch 25717,59.6,35,5 product ratings,timepiece-trading,18316,99.6,"A brand-new, unused, and unworn item (including handmade items) in the original packaging (such as ",Invicta,,24 viewed per day
Details about  NEW!! Invicta Men's 43MM Pro Diver Quartz 3 Hand Blue Dial Gold-tone Watch,49.96,437,14 product ratings,timepiece-trading,18316,99.6,"A brand-new, unused, and unworn item (including handmade items) in the original packaging (such as ",Invicta,,7 viewed per hour
Details about  Invicta Specialty Military Chronograph Brown Black Combat Bracelet SS Men Watch,54.99,16,,incredideals088,5206,100,"A brand-new, unused, and unworn item (including handmade items) in the original packaging (such as ",Invicta,,12 viewed per hour
Details about  Citizen Eco-Drive Men's CTO Chronograph Black Dial 42mm Watch CA0660-54E,63.99,691,21 product ratings,officialwatchdeals,33655,100,,Citizen,,1 sold in last hour
Details about  Invicta Men's Watch Aviator Chronograph Gunmetal Dial Steel Bracelet 17204,78.99,560,171 product ratings,mygiftstop,99157,99.3,"A brand-new, unused, and unworn item (including handmade items) in the original packaging (such as ",Invicta,,35 viewed per hour
Details about  Invicta Men COALITION FORCES Chronograph Black Dial 18K Gold RETROGRADE SS Watch,119.99,10,,incredideals088,5206,100,"A brand-new, unused, and unworn item (including handmade items) in the original packaging (such as ",Invicta,,9 viewed per hour
Details about  Fossil Classic Quartz Movement Black Dial Men's Watches BQ7012,56.41,68,,certified-watch-store,44978,98.3,"A brand-new, unused, and unworn item (including handmade items) in the original packaging (such as ",Fossil,Black,42 viewed per day
Details about  Invicta Mens PRO DIVER SCUBA Chronograph Gold Tone Black PU Strap Watch 6981,94.99,85,497 product ratings,incredideals088,5206,100,"A brand-new, unused, and unworn item (including handmade items) in the original packaging (such as ",Invicta,,3 viewed per hour
Details about  Mens Watch Quartz Digital White Dial Rubber Strap Analog Date Display Luxury,22.8,170,4 product ratings,idsonlinestore,86203,98.4,"A brand-new, unused, and unworn item (including handmade items) in the original packaging (such as ",ESS,,2 viewed per hour
Details about  RARE NEW INVICTA 1953 PRO DIVER MENS NH35 AUTOMATIC 40MM ALL BLACK IP SS WATCH,159.0,1,,mobicr-80,33,100,"A brand-new, unused, and unworn item (including handmade items) in the original packaging (such as ",Invicta,,4 viewed per hour
Details about  Seiko Men's Neo Quartz Chronograph 100m Stainless Steel Watch SSB355,115.0,140,2 product ratings,shopemco,130710,99.7,"A brand-new, unused, and unworn item (including handmade items) in the original packaging (such as ",Seiko,,12 viewed per hour
Details about  Skagen Slimline Quartz Movement Grey Dial Men's Watches 233XLSTM,23.16,129,8 product ratings,certified-watch-store,44978,98.3,,Skagen,,12 watched in last 24 hours
Details about  Seiko 5 Men's SNZG09K1 Sport Automatic Khaki Green Canvas Watch NEW,106.99,117,34 product ratings,dexclusive-fashion,22906,99.7,"A brand-new, unused, and unworn item (including handmade items) in the original packaging (such as ",Seiko,,14 viewed per hour
Details about  Seiko 5 Automatic Movement White Dial Men's Watch SNK789,75.9,15,19 product ratings,certified-watch-store,44978,98.3,,Seiko,,62 viewed per day
Details about  Invicta Men's 50mm S1 Rally AUTOMATIC Skeletonized Dial Black/Rose Tone SS Watch,134.99,14,1 product rating,invicta_deals,21038,100,"A brand-new, unused, and unworn item (including handmade items) in the original packaging (such as ",Invicta,,11 viewed per hour
Details about  Men's Seiko Diver's Automatic Blue Dial Dive Watch SRP605 SRP605K2,189.95,19,47 product ratings,nywatchstore,116618,99.6,"A brand-new, unused, and unworn item (including handmade items) in the original packaging (such as ",Seiko,,56 viewed per hour
Details about  Invicta Women's Angel Chronograph Stainless Steel White Silicone Watch 18796,52.99,119,8 product ratings,shopemco,130710,99.7,"A brand-new, unused, and unworn item (including handmade items) in the original packaging (such as ",Invicta,,3 viewed per hour
Details about  Invicta Men's Watch Pro Diver Blue Dial Quartz Dive Silver Tone Bracelet 9204OB,48.32,"3,221",12 product ratings,mygiftstop,99157,99.3,"A brand-new, unused, and unworn item (including handmade items) in the original packaging (such as ",Invicta,Blue,11 viewed per hour
Details about  Fossil Men's Coachman Chronograph Black Dial Brown Leather Watch - CH2891 NEW,75.99,60,27 product ratings,dexclusive-fashion,22906,99.7,"A brand-new, unused, and unworn item (including handmade items) in the original packaging (such as ",Fossil,brown/silver,18 viewed per hour
Details about  Citizen Eco-Drive Men’s Global Collection Black Dial Band 42mm Watch BM8476-31E,56.99,"1,030",9 product ratings,officialwatchdeals,33655,100,,Citizen,,358 viewed per day
Details about  NEW Invicta Men 45.5mm Gold 2Tone Stainless St. BLUE DIAL Chronograph Tach Watch,69.99,16,,amazedaze,17960,100,"A brand-new, unused, and unworn item (including handmade items) in the original packaging (such as ",Invicta,,1 viewed per hour
"Details about  Casio Men's Diver  Stainless Steel Resin Strap, Black, Watch MDV-106B-2AVCF",47.5,226,48 product ratings,shopemco,130710,99.7,"A brand-new, unused, and unworn item (including handmade items) in the original packaging (such as ",Casio,,3 viewed per hour
Details about  Invicta Women's Angel 28915 Quartz Silver Dial Crystal Stainless Woven Watch,59.14,137,4 product ratings,timepiece-trading,18316,99.6,"A brand-new, unused, and unworn item (including handmade items) in the original packaging (such as ",Invicta,,75 viewed per day
Details about  NEW Invicta Men Hercules Reserve 56mm Bolt Swiss Chronograph BLACK DIAL SS Watch,149.99,2,4 product ratings,jaaneshaista_123,19273,99.9,"A brand-new, unused, and unworn item (including handmade items) in the original packaging (such as ",Invicta,,6 viewed per hour
Details about  Men's Watch Relojes De Hombre Minimalist Ultra Thin Watches Stainless Steel ,19.99,831,,winterfell_gifts,4542,99.4,"A brand-new, unused, and unworn item (including handmade items) in the original packaging (such as ",Unbranded,,395 viewed per day
Details about  Citizen Eco-Drive Men's Primo Chronograph Gray Bracelet 45mm Watch CA0687-58E,99.99,486,29 product ratings,officialwatchdeals,33655,100,,Citizen,,1 sold in last hour
Details about  NEW G-SHOCK Men's Watch Military Black Resin Strap Digital Watch DW5600BB-1,69.95,7,65 product ratings,tksystems-588,2),100,"A brand-new, unused, and unworn item (including handmade items) in the original packaging (such as ",G-SHOCK,,28 viewed per hour
Details about  Invicta Men's 50mm S1 Rally AUTOMATIC Skeletonized Dial Red/White Tone SS Watch,134.99,2,,invicta_deals,21038,100,"A brand-new, unused, and unworn item (including handmade items) in the original packaging (such as ",Invicta,,23 viewed per hour
Details about  Invicta Men's 56mm Reserve BOLT HERCULES Swiss Chronograph BLACK DIAL SS Watch,169.99,38,4 product ratings,invicta_deals,21038,100,"A brand-new, unused, and unworn item (including handmade items) in the original packaging (such as ",Invicta,,23 viewed per hour
Details about  Mens Watch Mechanical White Dial Black Leather Strap Auto Date Analog Luxury,36.11,26,3 product ratings,idsonlinestore,86203,98.4,"A brand-new, unused, and unworn item (including handmade items) in the original packaging (such as ",ESS,,1 viewed per hour
Details about  New Blue-tooth Smart Watch & Phone with Camera For i Phone Samsung LG HTC Huawei,17.95,"4,418",,ebeyexpress,666545,98.1,"A brand-new, unused, unopened, undamaged item in its original packaging (where packaging is ",Unbranded,,1 sold in last hour
Details about  Invicta Men's Watch Pro Diver Quartz Black Dial Stainless Steel Bracelet 26970,48.99,278,31 product ratings,mygiftstop,99157,99.3,"A brand-new, unused, and unworn item (including handmade items) in the original packaging (such as ",Invicta,,7 viewed per hour
Details about  Invicta Men's Watch Pro Diver Quartz Green Dial Yellow Gold Steel Bracelet 30027,53.99,127,4 product ratings,mygiftstop,99157,99.3,"A brand-new, unused, and unworn item (including handmade items) in the original packaging (such as ",Invicta,,5 viewed per hour
Details about  CURREN Military Men's Quartz Watches Top Sport Chronograph Leather Army Infantry,23.48,150,,eeekitonline,290721,98.6,"A brand-new, unused, and unworn item (including handmade items) in the original packaging (such as ",Timex,,
Details about  NEW Invicta Women's 38mm RESERVE VENOM Python Sparkle Dial Gold Tone SS Watch,69.99,2,,invicta_deals,21038,100,"A brand-new, unused, and unworn item (including handmade items) in the original packaging (such as ",Invicta,,13 viewed per hour
Details about  CURREN Watch Men's Chronograph Watches And Fashion Bracelet Set Reloj de Hombre,29.99,"1,453",,winterfell_gifts,4542,99.4,"A brand-new, unused, and unworn item (including handmade items) in the original packaging (such as ",Curren,,39 viewed per hour
Details about  Citizen Crono Aviator Men's Eco Drive Chronograph Watch - CA0690-88L NEW,150.99,230,11 product ratings,dexclusive-fashion,22906,99.7,"A brand-new, unused, and unworn item (including handmade items) in the original packaging (such as ",Citizen,,6 viewed per hour
Details about  Invicta Men's Watch Aviator Chrono Gold Tone and Black Dial Steel Bracelet 17205,79.99,592,63 product ratings,mygiftstop,99157,99.3,"A brand-new, unused, and unworn item (including handmade items) in the original packaging (such as ",Invicta,Gold,13 viewed per hour
Details about  Invicta Mens 47mm BRITTO BOLT Chronograph BLACK DIAL Black Tone Ltd Ed SS Watch,94.99,16,,invicta_deals,21038,100,"A brand-new, unused, and unworn item (including handmade items) in the original packaging (such as ",Invicta,,27 viewed per hour
Details about  New Invicta Pro Diver Scuba 18K Gold Plated Gold Dial Chrono S.S Bracelet Watch,84.89,307,91 product ratings,invicta-boutique,8070,100,"A brand-new, unused, and unworn item (including handmade items) in the original packaging (such as ",Invicta,,2 viewed per hour
Details about  Stainless Steel Men's Watch Relojes De Hombre Quartz Business Wrist Watches,18.99,130,,winterfell_gifts,4542,99.4,"A brand-new, unused, and unworn item (including handmade items) in the original packaging (such as ",PINTIME,,148 viewed per day
Details about  Invicta Men's Watch Pro Diver Automatic Silver Tone Steel Bracelet 8926OB,74.99,1,,mygiftstop,99157,99.3,"A brand-new, unused, and unworn item (including handmade items) in the original packaging (such as ",Invicta,Black,4 viewed per hour
Details about  NEW Invicta Women PRO DIVER CRYSTAL ACCENTED Silver Dial Bracelet 38mm SS Watch,64.99,46,23 product ratings,incredideals088,5206,100,"A brand-new, unused, and unworn item (including handmade items) in the original packaging (such as ",Invicta,,5 viewed per hour
Details about  RARE NEW INVICTA 1953 PRO DIVER MENS NH35 AUTOMATIC 40MM ALL BLACK IP SS WATCH,149.99,17,,jaaneshaista_123,19273,99.9,"A brand-new, unused, and unworn item (including handmade items) in the original packaging (such as ",Invicta,,8 viewed per hour
Details about  NEW Invicta 38mm PRO DIVER Quartz DIAMOND Black MOP Dial Silver Tone SS Watch,74.99,46,,invicta_deals,21038,100,"A brand-new, unused, and unworn item (including handmade items) in the original packaging (such as ",Invicta,,5 viewed per hour
Details about  Invicta Pro Diver Blue Dial 40 mm Two-tone Men's Watch 26972,46.46,319,42 product ratings,Jomashop,161109,99.2,"A brand-new, unused, and unworn item (including handmade items) in the original packaging (such as ",Invicta,,33 viewed per day
Details about  Victorinox Swiss Army Men's Watch Alliance Date Brown Dial Leather Strap 241805,89.99,75,2 product ratings,mygiftstop,99157,99.3,"A brand-new, unused, and unworn item (including handmade items) in the original packaging (such as ",Victorinox Swiss Army,,1 viewed per hour
Details about  Invicta Men's Pro Diver Chrono 100m Gold-Tone S. Steel Blue Silicone Watch 26087,77.89,965,66 product ratings,shopemco,130710,99.7,"A brand-new, unused, and unworn item (including handmade items) in the original packaging (such as ",Invicta,,14 viewed per hour
Details about  Suunto Core Wrist-Top Computer Watch SS014279010,97.3,493,669 product ratings,Jomashop,161109,99.2,"A brand-new, unused, and unworn item (including handmade items) in the original packaging (such as ",Suunto,,10 viewed per hour
Details about  Invicta Men's 45mm RUSSIAN DIVER Swiss Ronda Movement BROWN Dial Rose Tone Watch,107.89,35,6 product ratings,invicta_deals,21038,100,"A brand-new, unused, and unworn item (including handmade items) in the original packaging (such as ",Invicta,,5 viewed per hour
Details about  Victorinox Alliance Quartz Movement Blue Dial Ladies Watch 241307,118.29,230,7 product ratings,certified-watch-store,44978,98.3,"A brand-new, unused, and unworn item (including handmade items) in the original packaging (such as ",Victorinox,,4 viewed per hour
Details about  Seiko Chronograph Cream Dial Leather Band Men's Watch SNDC31,100.0,24,74 product ratings,passthewatch,10126,99.8,"A brand-new, unused, and unworn item (including handmade items) in the original packaging (such as ",Seiko,,2 viewed per hour
Details about  Seiko 5 Automatic SNKK11J1 Blue Dial Stainless Steel Men's Watch,105.0,31,2 product ratings,passthewatch,10126,99.8,"A brand-new, unused, and unworn item (including handmade items) in the original packaging (such as ",Seiko,,11 viewed per hour
Details about  Mens Watch Automatic Mechanical Black Dial Stainless Steel Case Skeleton Luxury,23.7,132,7 product ratings,idsonlinestore,86203,98.4,"A brand-new, unused, and unworn item (including handmade items) in the original packaging (such as ",ESS,,3 viewed per hour
